{"camera_matrix": [[1336.63561, 0.0, 692.881477], [0.0, 1339.13474, 356.580140], [0.0, 0.0, 1.0]], "dist_coeff": [[-0.46938636, 0.44715133, -0.00117623, 0.00088666, -0.38332216]]}
